{
  "images" : [
    {
      "resizing" : {
        "mode" : "9-part",
        "center" : {
          "mode" : "tile",
          "width" : 55,
          "height" : 17
        },
        "cap-insets" : {
          "bottom" : 110,
          "top" : 93,
          "right" : 221,
          "left" : 167
        }
      },
      "idiom" : "universal",
      "filename" : "biankuang1.png",
      "scale" : "1x"
    },
    {
      "idiom" : "universal",
      "scale" : "2x"
    },
    {
      "idiom" : "universal",
      "scale" : "3x"
    }
  ],
  "info" : {
    "version" : 1,
    "author" : "xcode"
  }
}